{
  "312": {
    "EE": {
      "disparity": 1.0,
      "relevance": 1.0,
      "difference": 0.333333
    },
    "EU": {
      "rouge-l": 0.06896551557140974
    },
    "max-utility": 0.06896551557140974,
    "min-utility": 0.06896551557140974
  },
  "313": {
    "EE": {
      "disparity": 1.0,
      "relevance": 1.0,
      "difference": 0.230769
    },
    "EU": {
      "rouge-l": 0.056338027105733005
    },
    "max-utility": 0.056338027105733005,
    "min-utility": 0.056338027105733005
  }
}