ee_d_interval,metric,n_qids,p_two_sided
0.8-1.0,ee_r,30,0.31731050786291415
0.8-1.0,eu,30,0.24886387493792206
