ee_d_interval,metric,n_qids,p_two_sided
0.8-1.0,ee_r,833,0.030519674626804945
0.8-1.0,eu,833,0.3292751516123795
