ee_d_interval,n_qids,mean_eu_stochastic,mean_eu_deterministic,eu_diff_st_minus_det,mean_ee_d_stochastic,mean_ee_r_stochastic
[0.0-0.2),581,0.20133383530341545,0.23692523550335787,-0.03559140019994242,0.12121420854847963,0.20907709007458405
[0.2-0.4),259,0.25570261484363005,0.2707556546582289,-0.015053039814598823,0.29865403024453024,0.33742559395109395
[0.4-0.6),275,0.27979164938694506,0.29043414174676874,-0.010642492359823674,0.4996750618181818,0.37017885333333334
[0.6-0.8),452,0.26118440857986697,0.2579726416561223,0.003211766923744641,0.7118352793141592,0.3197704343657818
[0.8-1.0],804,0.26061324041878414,0.26042969309163105,0.00018354732715308852,0.9506229865257048,0.3131797533167496
